<keymap version="1" name="Eclipse copy" parent="Eclipse">
  <action id="CodeCompletion" />
  <action id="Console.TableResult.NextPage" />
  <action id="MoveLineDown">
    <keyboard-shortcut first-keystroke="alt down" />
  </action>
  <action id="MoveLineUp">
    <keyboard-shortcut first-keystroke="alt up" />
  </action>
  <action id="MoveStatementDown">
    <keyboard-shortcut first-keystroke="shift alt up" />
  </action>
  <action id="MoveStatementUp">
    <keyboard-shortcut first-keystroke="shift alt down" />
  </action>
  <action id="ReformatCode">
    <keyboard-shortcut first-keystroke="ctrl alt l" />
    <keyboard-shortcut first-keystroke="alt f" />
  </action>
  <action id="SmartTypeCompletion">
    <keyboard-shortcut first-keystroke="alt c" />
  </action>
  <action id="UpdateRunningApplication" />
  <action id="android.deploy.ApplyChanges">
    <keyboard-shortcut first-keystroke="ctrl f10" />
  </action>
  <action id="android.deploy.CodeSwap">
    <keyboard-shortcut first-keystroke="ctrl alt f10" />
  </action>
</keymap>